{
    "crop_log_rel_x1": 0.8292563600782779,
    "crop_log_rel_x2": 0.9985322896281801,
    "crop_log_rel_y1": 0.6356521739130435,
    "crop_log_rel_y2": 0.7469565217391304,
    "crop_exp_rel_x1": 0.5640900195694716,
    "crop_exp_rel_x2": 0.6575342465753424,
    "crop_exp_rel_y1": 0.9347826086956522,
    "crop_exp_rel_y2": 0.9591304347826087
}